keyword,clicks,impressions,ctr,position
folder to text,2,6,0.3333333333333333,6.833333333333333
folder2txt,2,2,1,7.5
folder text,1,1,1,4
folder to text converter,1,3,0.3333333333333333,7.333333333333333
folderllm,1,21,0.047619047619047616,10.19047619047619
"""@text.com""",0,1,0,9
folder llm,0,2,0,9
